File;Class;Method;LOC;CC;Nesting;Parameters;FanOut;CloneGroup
LoanManager.cs;LoanManager;Issue;84;26;7;8;5;
LoanReport.cs;LoanReport;BuildOverdueReport;19;10;4;3;3;CL-01
LoanManager.cs;LoanManager;CanIssue;8;10;3;2;5;
LoanManager.cs;LoanManager;ChangeStatus;10;9;2;2;5;
LoanRepository.cs;LoanRepository;SumOutstandingFines;12;6;4;1;2;CL-01
LoanManager.cs;LoanManager;PreviewFine;9;5;3;2;5;CL-01
LoanReport.cs;LoanReport;BuildReaderCard;8;4;2;2;3;
LoanManager.cs;LoanManager;Cancel;7;4;3;2;5;
LoanRepository.cs;LoanRepository;FindByReader;5;4;3;1;2;
LoanRepository.cs;LoanRepository;FindByStatus;5;3;2;1;2;
LoanRepository.cs;LoanRepository;Find;4;3;2;1;2;
LoanReport.cs;LoanReport;BuildInventoryReport;6;2;2;1;3;
LoanRepository.cs;LoanRepository;Clear;4;2;2;0;2;
LoanManager.cs;LoanManager;DumpLog;4;2;2;0;5;
LoanReport.cs;LoanReport;SaveReport;4;2;2;2;3;
LoanRepository.cs;LoanRepository;Save;2;1;1;1;2;
